abandon,neg
abandonment,neg
abate,neg
abdicate,neg
abhor,neg
abide,pos
ability,pos
abject,neg
able,pos
abnormal,neg
abolish,neg
abominable,neg
abound,pos
abrasive,neg
abrupt,neg
abscond,neg
absence,neg
absent,neg
absentee,neg
absolve,pos
absorbent,pos
absorption,pos
absurd,neg
absurdity,neg
abundance,pos
abundant,pos
abuse,neg
abyss,neg
accede,pos
accentuate,pos
accept,pos
acceptable,pos
acceptance,pos
accessible,pos
accession,pos
accident,neg
acclaim,pos
acclamation,pos
accolade,pos
accommodate,pos
accommodation,pos
accompaniment,pos
accomplish,pos
accomplishment,pos
accord,pos
accordance,pos
accost,neg
accountable,pos
accrue,pos
accuracy,pos
accurate,pos
accurateness,pos
accursed,neg
accusation,neg
accuse,neg
ache,neg
achieve,pos
achievement,pos
acknowledgement,pos
acquaint,pos
acquaintance,pos
acquit,pos
acquittal,pos
acrimonious,neg
acrimony,neg
actual,pos
actuality,pos
adamant,pos
adaptability,pos
adaptable,pos
adaptation,pos
adaptive,pos
addict,neg
addiction,neg
adept,pos
adeptness,pos
adequate,pos
adherence,pos
adherent,pos
adhesion,pos
adhesive,pos
adjunct,pos
adjust,pos
adjustable,pos
adjustment,pos
admirable,pos
admiration,pos
admire,pos
admirer,pos
admit,pos
admittance,pos
admonish,neg
admonition,neg
adorable,pos
adore,pos
adorn,pos
adornment,pos
adroit,pos
adroitly,pos
adulation,pos
adult,pos
adulterate,neg
adulteration,neg
adultery,neg
advance,pos
advancement,pos
advantage,pos
advantageous,pos
advent,pos
adventuresome,pos
adventurous,pos
adversary,neg
adverse,neg
adversity,neg
advisable,pos
advocacy,pos
affability,pos
affable,pos
affectation,neg
affection,pos
affectionate,pos
affiliate,pos
affiliation,pos
affinity,pos
affirm,pos
affirmation,pos
affirmative,pos
affix,pos
afflict,neg
affliction,neg
affluence,pos
affluent,pos
afloat,pos
afraid,neg
against,neg
aggravate,neg
aggravation,neg
aggregate,pos
aggregation,pos
aggression,neg
aggressive,neg
aggressiveness,neg
aggressor,neg
aggrieve,neg
aghast,neg
agile,pos
agility,pos
agitate,neg
agitation,neg
agitator,neg
agonize,neg
agony,neg
agreeable,pos
agreement,pos
aid,pos
ail,neg
ailment,neg
aimless,neg
alarm,neg
alarming,neg
alas,neg
alertness,pos
alibi,neg
alien,neg
alienate,neg
alienation,neg
alight,pos
alive,pos
allegation,neg
allege,neg
allegiance,pos
alleviate,pos
alliance,pos
allied,pos
allies,pos
allow,pos
allowable,pos
allowance,pos
allure,pos
ally,pos
almighty,pos
aloof,neg
altercation,neg
altruistic,pos
amazement,pos
amazing,pos
ambiguity,neg
ambiguous,neg
ambivalent,neg
ambush,neg
ameliorate,pos
amenable,pos
amenity,pos
amiability,pos
amiable,pos
amicable,pos
amiss,neg
amnesty,pos
amour,pos
ample,pos
amplify,pos
amply,pos
amputate,neg
amuse,pos
amusement,pos
anarchist,neg
anarchy,neg
angel,pos
angelic,pos
anger,neg
angry,neg
anguish,neg
animosity,neg
annihilate,neg
annihilation,neg
annoy,neg
annoyance,neg
anoint,pos
anomalous,neg
anomaly,neg
antagonism,neg
antagonist,neg
antagonistic,neg
antagonize,neg
antipathy,neg
antiquated,neg
antitrust,neg
anxiety,neg
anxious,neg
anxiousness,neg
apathetic,neg
apathy,neg
apocalypse,pos
appall,neg
appeal,pos
appease,pos
append,pos
applaud,pos
applause,pos
appoint,pos
appreciable,pos
appreciate,pos
appreciation,pos
appreciative,pos
apprehend,pos
apprehension,neg
apprehensive,neg
approach,pos
appropriate,pos
approval,pos
approve,pos
apt,pos
aptitude,pos
arbiter,pos
arbitrary,neg
arbitrate,pos
arbitration,pos
ardent,pos
arduous,neg
argue,neg
argument,neg
arisen,pos
aristocracy,pos
aristocrat,pos
aristocratic,pos
arrest,pos
arrest,neg
arrogance,neg
arrogant,neg
art,pos
artificial,neg
ascribe,pos
ashamed,neg
aspiration,pos
aspire,pos
assail,neg
assailant,neg
assassin,neg
assassinate,neg
assault,neg
assent,pos
assertion,pos
asset,pos
assist,pos
assistance,pos
assistant,pos
associate,pos
association,pos
assurance,pos
assure,pos
assuredly,pos
astound,pos
astray,neg
astute,pos
asunder,neg
athletic,pos
atrocious,neg
atrophy,neg
attachment,pos
attack,neg
attain,pos
attainment,pos
attend,pos
attendance,pos
attentive,pos
attract,pos
attraction,pos
attractive,pos
attractiveness,pos
attune,pos
audacious,neg
audacity,neg
audible,pos
augment,pos
augmentation,pos
auspicious,pos
austere,neg
authentic,pos
authenticity,pos
authoritative,pos
authority,pos
autocrat,neg
autocratic,neg
autonomous,pos
availability,pos
avarice,neg
avaricious,neg
avenge,neg
aversion,neg
avert,neg
avid,pos
avoid,neg
avoidance,neg
award,pos
aware,pos
awareness,pos
awful,neg
awkward,neg
awkwardness,neg
ax,neg
babble,neg
back,pos
backbone,pos
backer,pos
backing,pos
backward,neg
backwardness,neg
bad,neg
badly,neg
baffle,neg
bafflement,neg
bail,neg
bait,neg
balk,neg
ball,pos
balmy,pos
banal,neg
bandit,neg
bane,neg
banish,neg
banishment,neg
bankrupt,neg
bankruptcy,neg
baptism,pos
baptize,pos
bar,neg
barbarian,neg
barbarous,neg
bargain,pos
barren,neg
barrier,neg
bashful,neg
basic,pos
bastard,neg
battle,neg
battlefield,neg
beacon,pos
beastly,neg
beat,neg
beauteous,pos
beautify,pos
beauty,pos
befit,pos
befitting,pos
befriend,pos
beg,neg
beggar,neg
behalf,pos
behead,neg
belated,neg
belie,neg
belittle,neg
belligerent,neg
beloved,pos
belt,neg
benefactor,pos
beneficent,pos
beneficial,pos
beneficiary,pos
benefit,pos
benevolence,pos
benevolent,pos
benign,pos
bequeath,pos
bereave,neg
bereavement,neg
bereft,neg
berserk,neg
beseech,neg
beset,neg
besiege,neg
best,pos
bestow,pos
betray,neg
betrayal,neg
betroth,pos
betrothal,pos
better,pos
beware,neg
bewilder,neg
bewilderment,neg
bit,neg
bitchy,neg
bite,neg
bitter,neg
bitterness,neg
bizarre,neg
blackmail,neg
blah,neg
blame,neg
blameless,pos
bland,neg
blast,neg
blatant,neg
bleak,neg
blemish,neg
bless,pos
blind,neg
blindness,neg
bliss,pos
blissful,pos
blithe,pos
block,neg
blockhead,neg
bloodshed,neg
bloodthirsty,neg
bloody,neg
bloom,pos
blossom,pos
blow,neg
blunder,neg
blunt,neg
blur,neg
blurt,neg
board,pos
board,neg
boast,neg
boastful,neg
bogus,neg
boisterous,neg
boldness,pos
bolster,pos
bolt,neg
bomb,neg
bombard,neg
bombardment,neg
bondage,neg
bonny,pos
bonus,pos
boom,pos
boost,pos
boot,neg
bore,neg
boredom,neg
bother,neg
bothersome,neg
bound,neg
boundless,pos
bountiful,pos
bout,neg
box,neg
brag,neg
brainy,pos
brandish,neg
brat,neg
bravado,neg
brave,pos
bravery,pos
brawl,neg
brazen,neg
breach,neg
breadwinner,pos
break,neg
breakdown,neg
bribe,neg
bright,pos
brightness,pos
brilliance,pos
brilliant,pos
bristle,neg
brittle,neg
broke,neg
brood,neg
brotherhood,pos
brotherly,pos
bruise,neg
brusque,neg
brutality,neg
brute,neg
brutish,neg
buckle,neg
bug,neg
bullet,neg
bum,neg
bungle,neg
buoyant,pos
burden,neg
burdensome,neg
burglar,neg
burglary,neg
burn,neg
bury,neg
busybody,neg
butchery,neg
buy,pos
calamity,neg
call,pos
callous,neg
calm,pos
calmness,pos
cancel,neg
cancellation,neg
cancer,neg
candid,pos
candor,pos
cannibal,neg
cannon,neg
capability,pos
capable,pos
capital,neg
capitalize,pos
capitulate,neg
capricious,neg
capsize,neg
captivation,pos
captive,neg
capture,neg
care,pos
careen,neg
carefree,pos
careful,pos
careless,neg
carelessness,neg
caress,pos
casual,pos
casualty,neg
cataclysm,neg
catastrophe,neg
catch,neg
cave,neg
ceaseless,pos
celebrate,pos
celebration,pos
celebrity,pos
censor,neg
censorship,neg
censure,neg
ceremonial,pos
chafe,neg
challenge,neg
champ,pos
champion,pos
championship,pos
chaos,neg
chaotic,neg
charge,neg
charisma,pos
charitable,pos
charity,pos
charm,pos
chase,neg
chaste,pos
chastise,neg
cheap,neg
cheapen,neg
cheater,neg
cheer,pos
cheerful,pos
cheery,pos
cherish,pos
cherub,pos
chic,pos
chide,neg
childish,neg
chivalrous,pos
chivalry,pos
choke,neg
chore,neg
chosen,pos
chronic,neg
chum,pos
circle,neg
civil,pos
civility,pos
civilization,pos
civilize,pos
clamor,neg
clamorous,neg
clarify,pos
clarity,pos
clash,neg
classic,pos
clatter,neg
clean,pos
cleanliness,pos
cleanse,pos
clear,pos
clearness,pos
clever,pos
clique,neg
clog,neg
close,neg
closeness,pos
clout,pos
club,neg
clumsy,neg
clutter,neg
coarse,neg
coarseness,neg
coax,pos
cockiness,neg
cocky,neg
coddle,pos
coerce,neg
coercion,neg
coercive,neg
coexistence,pos
cogent,pos
cognizance,pos
cognizant,pos
coherent,pos
cohesion,pos
cohort,pos
coincident,pos
cold,neg
collaborate,pos
collaboration,pos
collapse,neg
colleague,pos
collide,neg
collision,neg
collusion,neg
colony,neg
colossal,pos
combat,neg
combatant,neg
comeback,pos
comedy,pos
comely,pos
comestible,pos
comfort,pos
comfortable,pos
comic,pos
comical,pos
commemorate,pos
commemoration,pos
commencement,pos
commend,pos
commendable,pos
commendation,pos
commensurate,pos
commiseration,neg
commission,pos
commit,neg
commitment,pos
commodious,pos
common,pos
commoner,neg
commonplace,neg
commonsense,pos
commotion,neg
communal,pos
commune,pos
communicate,pos
communicative,pos
communion,pos
community,pos
companion,pos
companionship,pos
company,pos
compassion,pos
compassionate,pos
compatible,pos
compel,neg
compensate,pos
compensation,pos
compete,neg
competence,pos
competency,pos
competent,pos
competition,neg
competitive,neg
competitor,neg
complain,neg
complaint,neg
complement,pos
complementary,pos
complete,pos
completeness,pos
completion,pos
complex,neg
complexity,neg
compliance,pos
complicate,neg
complication,neg
complicity,neg
compliment,pos
composure,pos
comprehend,pos
comprehension,pos
comprehensive,pos
compromise,pos
compulsion,neg
conceal,neg
conceit,neg
concern,neg
concession,pos
conclusive,pos
concur,pos
condemn,neg
condemnation,neg
condescending,neg
condescension,neg
condone,pos
conducive,pos
confederation,pos
confer,pos
confess,neg
confession,neg
confidant,pos
confide,pos
confidence,pos
confident,pos
confine,neg
confinement,neg
confiscate,neg
confiscation,neg
conflict,neg
confound,neg
confront,neg
confrontation,neg
confuse,neg
confusion,neg
congenial,pos
congested,neg
congestion,neg
congratulate,pos
congratulation,pos
congratulatory,pos
congregate,pos
conjunction,pos
conjure,pos
connect,pos
conquer,pos
conqueror,pos
conquest,pos
conscience,pos
conscientious,pos
consensus,pos
consent,pos
conserve,pos
consider,pos
considerate,pos
consideration,pos
consign,pos
consistency,pos
consistent,pos
console,pos
consolidate,pos
conspiracy,neg
conspirator,neg
conspire,neg
constancy,pos
consternation,neg
constrain,neg
constraint,neg
constructive,pos
consult,pos
consultation,pos
consummate,pos
consumptive,neg
contact,pos
contagious,neg
contaminate,neg
contamination,neg
contempt,neg
contemptible,neg
contemptuous,neg
contend,neg
content,pos
contentment,pos
continuity,pos
contradict,neg
contradiction,neg
contradictory,neg
contrary,neg
contribute,pos
contribution,pos
contributor,pos
controversial,neg
controversy,neg
convene,pos
convict,neg
conviction,pos
convince,pos
cool,neg
coolness,neg
cooperate,pos
cooperation,pos
cooperative,pos
coordinate,pos
coordination,pos
cordial,pos
correct,pos
correction,pos
corrode,neg
corrosion,neg
corrosive,neg
corrupt,neg
corruption,neg
cost,neg
costliness,neg
costly,neg
council,pos
counsel,pos
counteract,neg
counteraction,neg
counterfeit,neg
courage,pos
courageous,pos
courteous,pos
courtesy,pos
courtly,pos
covenant,pos
covert,neg
covet,neg
coward,neg
cozy,pos
crafty,neg
cram,neg
cramp,neg
cranky,neg
crass,neg
crave,neg
crawl,neg
craze,neg
craziness,neg
crazy,neg
create,pos
creative,pos
creativity,pos
credentials,pos
credibility,pos
credible,pos
credit,pos
credulous,neg
crime,neg
criminal,neg
cringe,neg
cripple,neg
crisis,neg
critic,neg
criticize,neg
croak,neg
crook,neg
crooked,neg
cross,neg
crude,neg
cruel,neg
cruelty,neg
crumble,neg
crumple,neg
crusade,pos
crusader,pos
crush,neg
crushing,neg
cuddle,pos
culminate,pos
culmination,pos
culpable,neg
culprit,neg
cultivate,pos
cultivation,pos
culture,pos
cumbersome,neg
cupid,pos
cure,pos
curse,neg
cursory,neg
curt,neg
curtail,neg
curtsey,pos
cut,neg
cute,pos
cynical,neg
cynicism,neg
damage,neg
damn,neg
damnable,neg
damned,neg
dance,pos
danger,neg
dangerous,neg
dare,pos
daring,pos
dark,neg
darken,neg
darkness,neg
darling,pos
darn,neg
daunting,neg
dauntless,pos
dawdle,neg
dawn,pos
daze,neg
dazzle,pos
dead,neg
deadlock,neg
deadly,neg
deadweight,neg
deaf,neg
deafness,neg
deal,pos
deal,neg
dear,pos
dearth,neg
death,neg
debatable,neg
debtor,neg
decadence,neg
decadent,neg
decay,neg
decease,neg
deceit,neg
deceitful,neg
deceive,neg
decency,pos
decent,pos
deception,neg
deceptive,neg
decipher,pos
decline,neg
decompose,neg
decorate,pos
decoration,pos
decorative,pos
decrease,neg
dedicate,pos
dedication,pos
deduce,pos
defame,neg
default,neg
defeat,neg
defect,neg
defective,neg
defend,pos
defendant,neg
defender,pos
defense,pos
defensive,neg
deference,pos
defiance,neg
defiant,neg
deficiency,neg
deficient,neg
deficit,neg
defile,neg
definitive,pos
defy,neg
degenerate,neg
degrade,neg
dejected,neg
delay,neg
delicacy,pos
delicate,pos
delight,pos
delightful,pos
delinquency,neg
delinquent,neg
delirium,neg
deluge,neg
delusion,neg
demean,neg
demise,neg
demolish,neg
demon,neg
demoralize,neg
denial,neg
denounce,neg
dent,neg
deny,neg
dependability,pos
dependable,pos
dependent,neg
deplete,neg
deplorable,neg
deplore,neg
depose,neg
depraved,neg
depreciate,neg
depreciation,neg
depress,neg
depression,neg
deprive,neg
deride,neg
derision,neg
derisive,neg
derogatory,neg
descry,pos
desert,neg
desertion,neg
deserve,pos
deservedly,pos
desirable,pos
desire,neg
desirous,pos
desolate,neg
desolation,neg
despair,neg
desperate,neg
desperation,neg
despicable,neg
despise,neg
destitute,neg
destroy,neg
destruction,neg
destructive,neg
detachment,neg
detain,neg
deter,neg
deterrent,neg
detest,neg
detestable,neg
detract,neg
detrimental,neg
devastate,neg
devastation,neg
deviate,neg
deviation,neg
devil,neg
devilish,neg
devious,neg
devoid,neg
devote,pos
devotion,pos
devout,pos
dexterity,pos
diabolic,neg
diabolical,neg
dictate,neg
dictatorial,neg
differ,neg
difficult,neg
difficulty,neg
dig,pos
dignified,pos
dignify,pos
dignity,pos
dilemma,neg
diligent,pos
dim,neg
din,neg
dire,neg
dirt,neg
dirty,neg
disable,neg
disadvantage,neg
disadvantageous,neg
disagreeable,neg
disagreement,neg
disappoint,neg
disappointment,neg
disapproval,neg
disapprove,neg
disarm,neg
disaster,neg
disastrous,neg
disavow,neg
disavowal,neg
disbelief,neg
discern,pos
discharge,neg
disclaim,neg
discomfort,neg
disconcerted,neg
discontent,neg
discord,neg
discordant,neg
discourage,neg
discouragement,neg
discredit,neg
discreet,pos
discrepant,neg
discretion,pos
discriminate,neg
discuss,pos
disdain,neg
disease,neg
diseased,neg
disgrace,neg
disguise,neg
disgust,neg
dishearten,neg
dishonest,neg
dishonor,neg
disingenuous,neg
disinterest,neg
dislike,neg
dismal,neg
dismiss,neg
disobedience,neg
disobedient,neg
disorder,neg
disorganized,neg
dispel,neg
dispensability,neg
dispense,neg
displace,neg
displease,neg
displeasure,neg
disposal,neg
dispose,neg
disproportionate,neg
disprove,neg
disputable,neg
dispute,neg
disregard,neg
disrupt,neg
disruption,neg
dissatisfaction,neg
dissatisfied,neg
dissatisfy,neg
dissent,neg
dissention,neg
dissolution,neg
distinct,pos
distinction,pos
distinctive,pos
distinguish,pos
distinguished,pos
distort,neg
distortion,neg
distract,neg
distracting,neg
distraction,neg
distress,neg
distrustful,neg
disturb,neg
disturbance,neg
diversion,neg
divert,neg
divide,neg
divine,pos
divinity,pos
division,neg
divorce,neg
dizzy,neg
doldrums,neg
dominance,pos
dominate,neg
domination,neg
donate,pos
donation,pos
doom,neg
doomsday,neg
dope,neg
dote,pos
double,neg
doubt,neg
doubtful,neg
doubtless,pos
downcast,neg
downfall,neg
downhearted,neg
drab,neg
drag,neg
dread,neg
dreadful,neg
dreamland,pos
dreary,neg
drive,neg
droop,neg
drop,neg
drought,neg
drown,neg
drowsiness,neg
drowsy,neg
drunk,neg
drunkard,neg
drunken,neg
dubious,neg
dull,neg
dumb,neg
dump,neg
dunce,neg
dungeon,neg
durability,pos
durable,pos
duty,neg
dwindle,neg
dying,neg
dynamic,pos
eager,pos
eagerness,pos
earnest,pos
earnestness,pos
ease,pos
easy,pos
eccentric,neg
eccentricity,neg
economize,pos
ecstasy,pos
ecstatic,pos
edge,neg
edible,pos
educated,pos
education,pos
educational,pos
effective,pos
effectiveness,pos
efficacy,pos
efficiency,pos
efficient,pos
egotistical,neg
elaborate,pos
elaboration,pos
elate,pos
elegance,pos
elegant,pos
eliminate,neg
elimination,neg
eloquent,pos
embarrass,neg
embarrassment,neg
embellish,pos
embrace,pos
emergency,neg
eminence,pos
eminent,pos
empathy,pos
empower,pos
empowerment,pos
empty,neg
enable,pos
enchant,pos
enchantment,pos
encourage,pos
encouragement,pos
encroach,neg
encroachment,neg
endanger,neg
endear,pos
endorse,pos
endow,pos
endurance,pos
enemy,neg
energetic,pos
energize,pos
enforce,neg
engage,pos
engulf,neg
enhance,pos
enhancement,pos
enjoy,pos
enjoyable,pos
enjoyment,pos
enlighten,pos
enlightenment,pos
enrage,neg
enrich,pos
enrichment,pos
ensemble,pos
enslave,neg
ensure,pos
entangle,neg
entanglement,neg
entertain,pos
entertainment,pos
enthusiasm,pos
enthusiastic,pos
entreat,neg
entrepreneurial,pos
entrust,pos
envious,neg
envision,pos
envy,neg
epidemic,neg
epithet,neg
equality,pos
equitable,pos
equity,pos
equivocal,neg
eradicate,neg
erase,neg
erode,neg
erosion,neg
err,neg
erroneous,neg
error,neg
esoteric,neg
essential,pos
establish,pos
esteem,pos
estranged,neg
ethical,pos
ethics,pos
etiquette,pos
evade,neg
evasion,neg
even,pos
even,neg
everlasting,pos
evict,neg
evil,neg
exact,pos
exaggeration,neg
exalt,pos
exasperate,neg
exasperation,neg
excel,pos
excellence,pos
excellent,pos
exception,neg
excess,neg
excessive,neg
excite,pos
excited,pos
excitedness,pos
excitement,pos
exclude,neg
exclusion,neg
excommunication,neg
execute,neg
exempt,neg
exertion,pos
exhaust,neg
exhaustion,neg
exhilaration,pos
exile,neg
exit,neg
exotic,pos
expedient,neg
expel,neg
expense,neg
expensive,neg
experience,pos
expert,pos
explode,neg
exploit,neg
explosion,neg
explosive,neg
expose,neg
exquisite,pos
exterminate,neg
extermination,neg
extinct,neg
extinguish,neg
extol,pos
extraordinary,pos
extravagance,pos
extravagant,neg
exuberance,pos
exuberant,pos
exult,pos
exultation,pos
eye,pos
fabricate,neg
fabrication,neg
fabulous,pos
facilitate,pos
factual,pos
fail,neg
failure,neg
faint,neg
fair,pos
fairness,pos
faith,pos
faithful,pos
faithfulness,pos
fake,neg
fall,neg
fallacy,neg
fallout,neg
false,neg
falsehood,neg
falter,neg
fame,pos
familiar,pos
familiarity,pos
familiarize,pos
famine,neg
famished,neg
famous,pos
fanatic,neg
fanatical,neg
fancy,pos
fantastic,pos
fantasy,pos
farce,neg
farsighted,pos
fascination,pos
fascist,neg
fashionable,pos
fat,neg
fatal,neg
fatalistic,neg
fatigue,neg
fault,neg
favor,pos
favorable,pos
favorite,pos
fear,neg
fearful,neg
fearless,pos
fearsome,neg
feasible,pos
feast,pos
fed,neg
feeble,neg
feign,neg
feint,neg
fellow,pos
fellowship,pos
ferocious,neg
ferocity,neg
fertile,pos
fervent,pos
fervor,pos
festival,pos
festive,pos
festivity,pos
feud,neg
feudal,neg
fever,neg
feverish,neg
fiasco,neg
fickle,neg
fidelity,pos
fidget,neg
fiend,neg
fierce,neg
fiery,pos
fight,neg
fighter,neg
filial,pos
fill,pos
filth,neg
filthy,neg
fine,pos
fine,neg
fire,neg
firmness,pos
fist,neg
fit,pos
fitness,pos
fix,neg
flagrant,neg
flair,pos
flashy,pos
flatter,pos
flattery,pos
flaunt,pos
flaw,neg
flawless,pos
fled,neg
flee,neg
fleeting,neg
flexible,pos
flimsy,neg
flirt,pos
floor,neg
flounder,neg
flourish,pos
fluent,pos
foe,neg
foible,neg
fond,pos
fondness,pos
fool,neg
foolish,neg
foolishness,neg
forbid,neg
forbidden,neg
force,neg
foreboding,neg
foreign,neg
foremost,pos
foresight,pos
forfeit,neg
forgave,pos
forgetfulness,neg
forgive,pos
forgiven,pos
forgiveness,pos
forlorn,neg
formality,pos
formidable,neg
forsake,neg
fortify,pos
fortitude,pos
fortunate,pos
forward,pos
foster,pos
fought,neg
founder,neg
fracture,neg
fragile,neg
fragrant,pos
frank,pos
frantic,neg
frantically,neg
fraud,neg
fraudulent,neg
fraught,neg
freak,neg
free,pos
freedom,pos
fresh,pos
fret,neg
fretful,neg
friend,pos
friendly,pos
friendship,pos
frighten,neg
frightful,neg
frigid,neg
frivolous,neg
frolic,pos
front,neg
frown,neg
frugal,pos
fruitful,pos
fruition,pos
fruitless,neg
frustrate,neg
frustration,neg
fugitive,neg
fulfill,pos
fulfillment,pos
fullness,pos
fumble,neg
fun,pos
fun,neg
funny,pos
furious,neg
fury,neg
fuss,neg
fussy,neg
futility,neg
gaiety,pos
gaily,pos
gain,pos
gall,neg
gallant,pos
gallantry,pos
gamble,neg
game,pos
garnish,pos
gash,neg
gaudy,neg
gay,pos
generate,pos
generosity,pos
generous,pos
genial,pos
genius,pos
gentle,pos
genuine,pos
germ,neg
get,neg
ghastly,neg
ghetto,neg
giddy,pos
gift,pos
gifted,pos
give,pos
glad,pos
gladden,pos
gladness,pos
glamorous,pos
glamour,pos
glare,neg
gleam,pos
glean,pos
glee,pos
glimmer,pos
glisten,pos
glitter,pos
gloat,neg
gloom,neg
gloomy,neg
glorify,pos
glorious,pos
glory,pos
glossy,pos
glow,pos
glum,neg
goddamn,neg
godlike,pos
godliness,pos
gold,pos
golden,pos
good,pos
goodbye,pos
goodness,pos
gorgeous,pos
grab,neg
grace,pos
graceful,pos
gracious,pos
graduation,pos
grand,pos
grandeur,pos
grapple,neg
grateful,pos
gratification,pos
gratify,pos
gratitude,pos
gratuitous,neg
grave,neg
great,pos
greatness,pos
greet,pos
grief,neg
grievance,neg
grieve,neg
grim,neg
grizzly,neg
groom,pos
grotesque,neg
growl,neg
grudge,neg
gruff,neg
grumble,neg
guarantee,pos
guardian,pos
guerrilla,neg
guide,pos
guilt,neg
guilty,neg
guise,neg
gullible,neg
gun,neg
gunmen,neg
gusto,pos
hack,neg
hackney,neg
hag,neg
haggard,neg
hallowed,pos
hamper,neg
hand,pos
hand,neg
handicap,neg
handsome,pos
handy,pos
hang,neg
haphazard,neg
hapless,neg
happiness,pos
happy,pos
harass,neg
harassment,neg
hard,neg
hardship,neg
hardy,pos
harm,neg
harmful,neg
harmless,pos
harmonious,pos
harmonize,pos
harmony,pos
harness,pos
harsh,neg
hassle,neg
hate,neg
hater,neg
hatred,neg
haughty,neg
haunt,neg
haven,pos
havoc,neg
hazard,neg
hazardous,neg
haziness,neg
hazy,neg
headache,neg
heal,pos
health,pos
healthful,pos
healthy,pos
heart,pos
heartily,pos
heartless,neg
heaven,pos
heavenly,pos
hectic,neg
hedge,neg
hedonistic,neg
heedless,neg
heinous,neg
hell,neg
help,pos
help,neg
helpful,pos
helpless,neg
helplessness,neg
hero,pos
heroic,pos
heroine,pos
heroism,pos
hideous,neg
highlight,pos
hilarious,pos
hinder,neg
hindrance,neg
hit,pos
hit,neg
hoard,neg
hobble,neg
hole,neg
hollow,neg
holy,pos
homage,pos
home,pos
homely,neg
honest,pos
honeymoon,pos
honor,pos
honorable,pos
hope,pos
hopeful,pos
hopeless,neg
horde,neg
horn,neg
horrible,neg
horrid,neg
horrify,neg
horror,neg
hospitable,pos
hostile,neg
hostility,neg
hot,neg
hug,pos
human,pos
humanitarian,pos
humanity,pos
humble,pos
humiliate,neg
humiliation,neg
humility,pos
humor,pos
humorous,pos
hung,neg
hunger,neg
hungry,neg
hunt,neg
hunter,neg
hurt,neg
hurtful,neg
hustle,neg
hustler,neg
hygiene,pos
hypocrisy,neg
hypocrite,neg
hysteria,neg
hysterical,neg
ideal,pos
idealism,pos
idiot,neg
idiotic,neg
idleness,neg
idol,pos
idolize,pos
ignoble,neg
ignorance,neg
ignorant,neg
ill,neg
illegal,neg
illegality,neg
illiterate,neg
illness,neg
illogical,neg
illuminate,pos
illustrious,pos
imagination,pos
imaginative,pos
immaculate,pos
immature,neg
immobility,neg
immoral,neg
immorality,neg
immortal,pos
immovable,neg
impair,neg
impartial,pos
impartiality,pos
impasse,neg
impatience,neg
impatient,neg
impede,neg
impediment,neg
imperative,pos
imperfect,neg
impersonal,neg
impervious,pos
impetuous,neg
impetus,pos
implicate,neg
implore,neg
importance,pos
important,pos
impose,neg
imprecision,neg
impress,pos
impressive,pos
imprison,neg
imprisonment,neg
improper,neg
improve,pos
improvement,pos
impulsive,neg
impunity,pos
impure,neg
impurity,neg
inability,neg
inaccessible,neg
inaccuracy,neg
inadequate,neg
inane,neg
inaugurate,pos
inauguration,pos
incapable,neg
incessant,neg
incompatibility,neg
incompatible,neg
incompetence,neg
incompetent,neg
inconsistency,neg
inconvenient,neg
incorrect,neg
incredible,neg
incurable,neg
indecent,neg
indefinite,neg
independence,pos
independent,pos
indescribable,pos
indeterminable,neg
indeterminate,neg
indicative,pos
indictment,neg
indifference,neg
indifferent,neg
indignation,neg
indispensability,pos
indispensable,pos
individuality,pos
indomitable,pos
indulge,neg
indulgence,pos
industrious,pos
ineffective,neg
ineffectiveness,neg
ineffectual,neg
ineffectualness,neg
inefficiency,neg
inequality,neg
inexact,neg
inexpensive,pos
inexplicable,neg
infallibility,pos
infallible,pos
infamous,neg
infect,neg
infection,neg
infer,pos
inference,pos
inferior,neg
inferiority,neg
infest,neg
infiltration,neg
inflame,neg
inflation,neg
inflict,neg
inform,pos
infraction,neg
infringement,neg
infuriate,neg
ingenious,pos
ingenuity,pos
ingratitude,neg
inherit,pos
inhibit,neg
inhibition,neg
inhumane,neg
injunction,neg
injure,neg
injurious,neg
injury,neg
innocence,pos
innocent,pos
innovate,pos
innovative,pos
inquisitive,pos
insane,neg
insecure,neg
insecurity,neg
insensible,neg
inseparable,pos
insidious,neg
insight,pos
insignificant,neg
insinuate,neg
insistent,pos
insolence,neg
insolent,neg
inspiration,pos
inspirational,pos
inspire,pos
instability,neg
instable,neg
instinctive,pos
insufficiency,neg
insufficient,neg
insult,neg
integrity,pos
intellect,pos
intellectual,pos
intelligence,pos
intelligent,pos
intelligible,pos
intercede,pos
intercourse,pos
interest,pos
interested,pos
interfere,neg
interference,neg
interpose,pos
interrupt,neg
interruption,neg
intervention,neg
intimacy,pos
intimate,pos
intimidate,neg
intolerable,neg
intoxicate,neg
intricate,pos
intrigue,pos
intrude,neg
intruder,neg
intrusion,neg
inundate,neg
inundated,neg
invade,neg
invalid,neg
invaluable,pos
inventor,pos
invincible,pos
invisible,neg
invitation,pos
invite,pos
involuntary,neg
involve,neg
invulnerable,pos
irk,neg
iron,neg
ironic,neg
irony,neg
irrational,neg
irregular,neg
irregularity,neg
irresistible,pos
irresponsible,neg
irritable,neg
irritation,neg
isolate,neg
jail,neg
jar,neg
jeer,neg
jeopardize,neg
jeopardy,neg
jerk,neg
jest,pos
jittery,neg
jobless,neg
join,pos
jointly,pos
joke,pos
jolly,pos
joy,pos
joyful,pos
jubilant,pos
jubilee,pos
jumpy,neg
junk,neg
just,pos
justice,pos
justifiably,pos
justification,pos
justify,pos
keen,pos
kick,neg
kid,pos
kidnap,neg
kill,neg
killer,neg
kind,pos
kindness,pos
kiss,pos
knife,neg
knock,neg
know,pos
knowledge,pos
lack,neg
lag,neg
laid,neg
lame,neg
lament,neg
lamentable,neg
languish,neg
lapse,neg
laudable,pos
laugh,pos
laugh,neg
laughter,pos
lavish,pos
law,pos
lawful,pos
lawless,neg
lay,neg
lazily,neg
lazy,neg
lead,pos
leak,neg
leakage,neg
learn,pos
learner,pos
legal,pos
legitimacy,pos
legitimate,pos
leisure,pos
let,neg
liability,neg
liable,neg
liar,neg
liberal,pos
liberalism,pos
liberate,pos
liberty,pos
lie,neg
lifeless,neg
lifelong,pos
light,pos
likable,pos
like,pos
limit,neg
limitation,neg
limp,neg
liquidate,neg
liquidation,neg
litter,neg
live,pos
lively,pos
load,neg
logic,pos
logical,pos
lone,neg
loneliness,neg
lonely,neg
loner,neg
lonesome,neg
longevity,pos
loom,neg
lose,neg
loser,neg
loss,neg
lost,neg
love,pos
loveless,neg
loveliness,pos
lovely,pos
lover,pos
low,neg
lower,neg
lowly,neg
loyal,pos
loyalty,pos
lucid,pos
luck,pos
luckily,pos
lucky,pos
lucrative,pos
ludicrous,neg
lull,neg
luminous,pos
lunatic,neg
lure,neg
lurk,neg
lust,pos
luster,pos
lustrous,pos
luxuriant,pos
luxurious,pos
luxury,pos
lying,neg
lyric,pos
lyrical,pos
mad,neg
madman,neg
madness,neg
magical,pos
magnetic,pos
magnificence,pos
magnificent,pos
main,pos
majestic,pos
majesty,pos
major,pos
make,pos
make,neg
maladjusted,neg
maladjustment,neg
malady,neg
malice,neg
malicious,neg
malignant,neg
manageable,pos
mangle,neg
manipulate,neg
manipulation,neg
manly,pos
manslaughter,neg
mar,neg
marginal,neg
marital,pos
marriage,pos
marry,pos
marvel,pos
marvelous,pos
massacre,neg
masterful,pos
mastery,pos
matchless,pos
mate,pos
matter,pos
matter,neg
mature,pos
maturity,pos
maximize,pos
meager,neg
mean,neg
meaningful,pos
meaningless,neg
measurable,pos
meddle,neg
mediate,pos
mediocre,neg
meditation,pos
meek,neg
meet,pos
melancholy,neg
mellow,pos
melodramatic,neg
melody,pos
memorable,pos
menace,neg
mend,pos
menial,neg
mentor,pos
merciful,pos
merciless,neg
mercy,pos
merit,pos
meritorious,pos
merrily,pos
merriment,pos
merry,pos
mesh,pos
mess,neg
meticulous,pos
mighty,pos
mild,pos
mind,pos
mind,neg
mindful,pos
mine,neg
minister,pos
mint,pos
miracle,pos
miraculous,pos
mirth,pos
misbehave,neg
misbehavior,neg
mischief,neg
mischievous,neg
miser,neg
miserable,neg
misery,neg
misfortune,neg
mishandle,neg
mishap,neg
misinform,neg
misinformed,neg
mislead,neg
misrepresent,neg
miss,neg
mistake,neg
mistaken,neg
mistrust,neg
misunderstand,neg
misunderstanding,neg
misunderstood,neg
misuse,neg
mix,neg
moan,neg
mobility,pos
mobilize,pos
mock,neg
mockery,neg
moderate,pos
moderation,pos
modernity,pos
modest,pos
modesty,pos
molest,neg
momentous,pos
monotonous,neg
monotony,neg
monster,neg
monstrous,neg
monumental,pos
moody,neg
moral,pos
morale,pos
moralistic,pos
morality,pos
mortify,neg
motionless,neg
motivate,pos
motivated,pos
motivation,pos
motive,pos
motley,neg
mourn,neg
mourner,neg
muddle,neg
muddy,neg
multitude,pos
mumble,neg
mundane,neg
murder,neg
murderous,neg
murky,neg
mutter,neg
mutual,pos
myriad,pos
myself>,neg
nag,neg
naive,neg
nasty,neg
natural,pos
naughty,neg
navigable,pos
neat,pos
nebulous,neg
necessarily,pos
need,neg
needle,neg
needy,neg
negate,neg
negation,neg
negative,neg
neglect,neg
negligence,neg
negligent,neg
negotiate,pos
nervous,neg
nervousness,neg
neurotic,neg
neutralize,neg
nice,pos
niche,pos
nightmare,neg
nimble,pos
nix,neg
nobility,pos
noble,pos
nobleman,pos
noise,neg
noiseless,pos
nominate,pos
nonchalant,neg
nonsense,neg
normal,pos
nosey,neg
notable,pos
notoriety,pos
notorious,neg
nourish,pos
nourishment,pos
novelty,pos
novice,neg
nuisance,neg
nullification,neg
nullify,neg
numb,neg
nurse,pos
nurture,pos
nutrient,pos
nuts,neg
oasis,pos
obedience,pos
obedient,pos
obey,pos
object,neg
objection,neg
objective,pos
oblige,pos
oblique,neg
obliterate,neg
obnoxious,neg
obscure,neg
obsolete,neg
obstacle,neg
obstinate,neg
obstruct,neg
obstruction,neg
obtain,pos
obtainable,pos
odd,neg
oddity,neg
offend,neg
offender,neg
offensive,neg
offer,pos
offset,pos
ominous,neg
omission,neg
omit,neg
onset,pos
onward,pos
open,pos
opinionated,neg
opponent,neg
opportune,pos
opportunity,pos
oppose,neg
opposition,neg
oppress,neg
oppression,neg
oppressive,neg
optimal,pos
optimism,pos
optimistic,pos
optional,pos
ordeal,neg
order,pos
order,neg
organize,pos
originality,pos
orphan,neg
ostracize,neg
oust,neg
outbreak,neg
outburst,neg
outcast,neg
outcry,neg
outgoing,pos
outlaw,neg
outlive,pos
outrage,neg
outrageous,neg
outright,pos
outrun,pos
outset,pos
outsider,neg
outstanding,pos
outwit,pos
overbearing,neg
overcome,pos
overflow,neg
overjoyed,pos
overlook,neg
overpower,neg
overrun,neg
oversight,neg
overthrow,neg
overturn,neg
overwhelming,neg
overworked,neg
owe,neg
pain,neg
painful,neg
painstaking,pos
palatable,pos
palatial,pos
paltry,neg
pamper,pos
pandemonium,neg
panic,neg
paradise,pos
paralysis,neg
paralyzed,neg
paramount,pos
paranoid,neg
parasite,neg
pardon,pos
particular,pos
particular,neg
partition,neg
partner,pos
partnership,pos
pass,pos
pass,neg
passe,neg
passionate,pos
pathetic,neg
patience,pos
patient,pos
patriot,pos
patriotic,pos
patron,pos
patronage,pos
patronize,neg
pay,pos
peace,pos
peaceable,pos
peaceful,pos
peculiar,neg
peerless,pos
perfect,pos
perfection,pos
perfectionism,pos
perfectionist,pos
perfume,pos
peril,neg
perilous,neg
perish,neg
permission,pos
permit,pos
perplex,neg
perplexity,neg
persecute,neg
persecution,neg
perseverance,pos
persevere,pos
persuasive,pos
pertinent,pos
perturb,neg
perverse,neg
pervert,neg
pessimism,neg
pessimistic,neg
pest,neg
petty,neg
phobia,neg
pick,neg
picturesque,pos
piece,neg
piety,pos
pinch,neg
pinnacle,pos
pious,pos
pitiful,neg
pitiless,neg
plague,neg
plain,pos
plaintiff,neg
plausibility,pos
playful,pos
playmate,pos
plaything,pos
pleasant,pos
pleasantry,pos
please,pos
pleased,pos
pleasurable,pos
pleasure,pos
pledge,pos
plentiful,pos
plenty,pos
plight,neg
plod,neg
plot,neg
poetic,pos
poignant,pos
point,neg
pointless,neg
poise,pos
poison,neg
poisonous,neg
polish,pos
polite,pos
politeness,pos
pollute,neg
pollution,neg
pomp,pos
pompous,neg
poor,neg
popular,pos
popularity,pos
populous,pos
portable,pos
positive,pos
positiveness,pos
positivity,pos
posterity,pos
potency,pos
potent,pos
pound,neg
pout,neg
poverty,neg
powerless,neg
practicable,pos
practical,pos
praise,pos
prance,pos
precarious,neg
precaution,pos
precedent,pos
precept,pos
precious,pos
precipitate,neg
precise,pos
precision,pos
predicament,neg
preeminent,pos
preference,pos
prejudice,neg
prejudicial,neg
premier,pos
premise,pos
premium,pos
preparatory,pos
preposterous,neg
press,neg
prestige,pos
presumptuous,neg
pretend,neg
pretense,neg
pretentious,neg
prettily,pos
pretty,pos
priceless,pos
pride,pos
primarily,pos
prime,pos
principal,pos
principle,pos
prison,neg
prisoner,neg
privacy,pos
privileged,pos
privy,pos
prize,pos
pro,pos
proactive,pos
problem,neg
procrastinate,neg
procrastination,neg
prod,neg
prodigious,pos
prodigy,pos
productive,pos
productivity,pos
profess,pos
proffer,pos
proficient,pos
profit,pos
profitable,pos
profound,pos
progress,pos
progressive,pos
prohibit,neg
prohibition,neg
prohibitive,neg
prolific,pos
prominence,pos
prominent,pos
promise,pos
prompt,pos
promptly,pos
propaganda,neg
proper,pos
propitious,pos
proprietary,pos
propriety,pos
prosecute,pos
prosecution,neg
prosper,pos
prosperity,pos
prosperous,pos
protect,pos
protection,pos
protective,pos
protector,pos
protest,neg
proud,pos
provide,pos
providence,pos
provocation,neg
provoke,neg
prowess,pos
prowl,neg
prudence,pos
prudent,pos
pry,neg
punch,neg
punctual,pos
punish,neg
puny,neg
pure,pos
purification,pos
purify,pos
purity,pos
purposeful,pos
purr,pos
push,neg
puzzlement,neg
quaint,pos
qualify,pos
quality,pos
qualm,neg
quandary,neg
quarrel,neg
quarrelsome,neg
queer,neg
quench,pos
questionable,neg
quibble,neg
quicken,pos
quit,neg
quitter,neg
race,neg
radiance,pos
radiant,pos
radiate,pos
radical,neg
rage,neg
raid,neg
raise,neg
rally,pos
ramble,neg
rampant,neg
rapport,pos
rapt,pos
rapture,pos
rascal,neg
rash,neg
rat,neg
ration,neg
rational,pos
rattle,neg
ravage,neg
rave,pos
reactionary,neg
reactive,neg
readily,pos
real,pos
realistic,pos
realistically,pos
reap,pos
reasonable,pos
reassurance,pos
reassure,pos
rebel,neg
rebellion,neg
rebellious,neg
rebuff,neg
rebuke,neg
rebut,neg
recalcitrant,neg
recede,neg
receptive,pos
recession,neg
reckless,neg
recklessness,neg
reclaim,pos
recline,pos
recoil,neg
recompense,pos
reconcile,pos
reconciliation,pos
recreation,pos
redeem,pos
redemption,pos
redundancy,neg
redundant,neg
reestablish,pos
refine,pos
refinement,pos
refrain,neg
refuge,pos
refugee,neg
refusal,neg
refuse,neg
regal,pos
regard,pos
regardless,neg
regress,neg
regression,neg
regret,neg
regrettable,neg
rehabilitation,pos
reinforcement,pos
reinstate,pos
reject,neg
rejection,neg
rejoice,pos
relapse,neg
relaxation,pos
relevance,pos
relevancy,pos
relevant,pos
reliability,pos
reliable,pos
relief,pos
relieve,pos
religious,pos
relish,pos
reluctant,neg
remarkable,pos
remarkably,pos
remedy,pos
remodel,pos
remorse,neg
renaissance,pos
renewal,pos
renounce,neg
renovate,pos
renovation,pos
renown,pos
renunciation,neg
repair,pos
reparation,pos
repeal,neg
repent,pos
repentance,pos
repose,pos
reprehensible,neg
repress,neg
reproach,neg
repudiate,neg
repugnant,neg
repulse,neg
repulsive,neg
reputable,pos
rescue,pos
resent,neg
resentful,neg
resentment,neg
resignation,neg
resolute,pos
resolve,pos
resolved,pos
resound,pos
resourceful,pos
resourcefulness,pos
respect,pos
respectable,pos
respectful,pos
respite,pos
resplendent,pos
responsibility,pos
responsible,pos
responsive,pos
restful,pos
restless,neg
restlessness,neg
restoration,pos
restore,pos
restrict,neg
restriction,neg
resurrect,pos
retaliate,neg
retard,neg
retire,neg
retreat,neg
return,pos
reunion,pos
reunite,pos
revel,pos
revelation,pos
revenge,neg
revere,pos
reverence,pos
reverent,pos
reverently,pos
revert,neg
revitalize,pos
revival,pos
revive,pos
revoke,neg
revolt,neg
revolution,neg
reward,pos
rich,pos
riches,pos
richness,pos
rid,neg
ride,neg
ridicule,neg
ridiculous,neg
right,pos
righteous,pos
righteousness,pos
rightful,pos
rigid,neg
rigor,neg
rigorous,neg
rip,neg
ripe,pos
ripen,pos
risky,neg
rival,neg
rivalry,neg
robber,neg
robbery,neg
robust,pos
rogue,neg
romance,pos
romantic,pos
romanticize,pos
root,neg
rosy,pos
rot,neg
rotten,neg
rough,neg
roughness,neg
round,pos
roundabout,neg
rouse,pos
rubbish,neg
rude,neg
rue,neg
ruffian,neg
ruin,neg
ruinous,neg
rumor,neg
rumple,neg
run,neg
runaway,neg
rupture,neg
rusty,neg
ruthless,neg
ruthlessness,neg
sabotage,neg
sacred,pos
sad,neg
sadness,neg
safe,pos
safeguard,pos
safety,pos
sag,neg
sagacity,pos
sage,pos
saint,pos
salutary,pos
salutation,pos
salute,pos
salvation,pos
sanctify,pos
sanctuary,pos
sane,pos
sanguine,pos
sanitary,pos
sanity,pos
sank,neg
sap,neg
sarcasm,neg
sarcastic,neg
satisfaction,pos
satisfactorily,pos
satisfactory,pos
satisfy,pos
savage,neg
save,pos
savings,pos
savor,pos
savvy,pos
scald,neg
scamper,pos
scandal,neg
scandalous,neg
scapegoat,neg
scar,neg
scarcity,neg
scare,neg
scared,neg
scary,neg
scheme,neg
scoff,neg
scold,neg
scorch,neg
scorn,neg
scornful,neg
scoundrel,neg
scowl,neg
scrape,neg
scream,neg
screech,neg
screw,neg
scruples,pos
scrupulous,pos
scrutinize,neg
scuffle,neg
scum,neg
secede,neg
secession,neg
secrecy,neg
secret,neg
secure,pos
security,pos
sedentary,neg
seethe,neg
segregation,neg
seize,neg
selective,pos
selfish,neg
selfishness,neg
semblance,pos
senile,neg
sensational,pos
sense,pos
senseless,neg
sensible,pos
sensitive,pos
sensitivity,pos
sentence,neg
sequester,neg
serene,pos
serious,pos
seriousness,pos
serve,neg
service,neg
servitude,neg
settle,pos
sever,neg
severe,neg
severity,neg
shabby,neg
shadow,neg
shady,neg
shaggy,neg
shake,neg
shallow,neg
shame,neg
shameful,neg
shameless,neg
share,pos
shark,neg
shell,neg
shelter,pos
shield,pos
shiny,pos
shipwreck,neg
shirk,neg
shiver,neg
shock,neg
shoddy,neg
shoot,neg
short,neg
shortage,neg
shortcoming,neg
shortsighted,neg
shot,neg
shove,neg
show,neg
shred,neg
shrew,neg
shrewd,pos
shrewdness,pos
shriek,neg
shrill,neg
shrivel,neg
shroud,neg
shrug,neg
shun,neg
shyness,neg
sick,neg
sickly,neg
sickness,neg
siege,neg
significance,pos
significant,pos
signify,pos
silly,neg
simplicity,pos
simplify,pos
simplistic,neg
sin,neg
sincere,pos
sincerity,pos
sinful,neg
sinister,neg
skeptical,neg
sketchy,neg
skill,pos
skillful,pos
skirmish,neg
skulk,neg
slam,neg
slander,neg
slanderer,neg
slanderous,neg
slap,neg
slash,neg
slaughter,neg
slayer,neg
sleazy,neg
sleek,pos
sleepless,neg
slight,neg
slime,neg
sloppy,neg
sloth,neg
slothful,neg
slug,neg
sluggish,neg
slump,neg
sly,neg
smack,neg
smart,pos
smash,neg
smear,neg
smile,pos
smitten,pos
smother,neg
smuggle,neg
snare,neg
snarl,neg
snatch,neg
sneak,neg
sneer,neg
snore,neg
sob,neg
sober,pos
sociable,pos
softness,pos
solace,pos
solution,pos
somber,neg
soothe,pos
sophisticated,pos
sore,neg
soreness,neg
sorrow,neg
sorrowful,neg
sorry,neg
sort,neg
sought,pos
sound,pos
soundness,pos
sour,neg
spank,neg
spare,pos
sparkle,pos
spear,neg
special,pos
spectacular,pos
speedily,pos
spill,neg
spinster,neg
spite,neg
spiteful,neg
splendid,pos
splendor,pos
split,neg
spoil,neg
spot,neg
spotless,pos
sprain,neg
sprightly,pos
sputter,neg
squander,neg
squarely,pos
stab,neg
stability,pos
stabilize,pos
stable,pos
stagnant,neg
stain,neg
stale,neg
stalemate,neg
stammer,neg
stamp,neg
stand,pos
standardize,pos
standstill,neg
staple,pos
stark,neg
startle,neg
starvation,neg
starve,neg
stately,pos
static,neg
statuesque,pos
staunch,pos
staunchness,pos
steadfast,pos
steadfastness,pos
steadiness,pos
steady,pos
steal,neg
stern,neg
stick,neg
stifle,neg
stigma,neg
stimulate,pos
stimulation,pos
sting,neg
stink,neg
stole,neg
stolen,neg
stood,pos
storm,neg
stormy,neg
straggle,neg
straggler,neg
straight,pos
straightforward,pos
strain,neg
strangle,neg
stray,neg
stress,neg
stricken,neg
strict,neg
strife,neg
strike,neg
stringent,neg
struck,neg
struggle,neg
strut,pos
stubborn,neg
stubbornly,neg
stubbornness,neg
stud,pos
studious,pos
study,neg
stuffy,neg
stunt,neg
stupendous,pos
stupid,neg
stupidity,neg
stupor,neg
sturdy,pos
stylish,pos
suave,pos
subjection,neg
subjugate,neg
subjugation,neg
sublime,pos
submissive,neg
subscribe,pos
subscription,pos
subservience,neg
subside,neg
subsidize,pos
subsidy,pos
subsist,pos
subsistence,pos
substantiate,pos
substitution,neg
subtle,pos
subtract,neg
subversion,neg
subvert,neg
succeed,pos
success,pos
successful,pos
succumb,neg
sucker,neg
suffer,neg
sufferer,neg
suffice,pos
sufficient,pos
suffocate,neg
suit,pos
suitable,pos
sullen,neg
summit,pos
sumptuous,pos
sunder,neg
super,pos
superficial,neg
superficiality,neg
superfluous,neg
superior,pos
superiority,pos
superlative,pos
superstition,neg
superstitious,neg
support,pos
supportive,pos
suppress,neg
suppression,neg
supreme,pos
surge,pos
surmise,pos
surmount,pos
surpass,pos
survival,pos
survive,pos
survivor,pos
susceptible,neg
suspect,neg
suspend,neg
suspension,neg
suspicion,neg
suspicious,neg
swear,neg
sweet,pos
sweeten,pos
sweetheart,pos
sweetness,pos
swiftness,pos
swoon,pos
swore,neg
sworn,pos
symbolize,pos
symmetry,pos
sympathetic,pos
sympathize,pos
sympathy,pos
symptom,neg
synthesis,pos
taboo,neg
tact,pos
tactics,pos
taint,neg
talent,pos
talented,pos
tamper,neg
tantrum,neg
tardy,neg
tariff,neg
taste,pos
tatter,neg
taunt,neg
tax,neg
tear,neg
tease,neg
tedious,neg
temper,neg
temperance,pos
temperate,pos
tempest,neg
temporarily,neg
tempt,pos
temptation,neg
tenacious,pos
tenacity,pos
tenderness,pos
tense,neg
tension,neg
terrible,neg
terrific,pos
terrify,neg
terror,neg
terrorism,neg
terrorize,neg
thank,pos
thankful,pos
theft,neg
therapeutic,pos
thief,neg
thirst,neg
thirsty,neg
thorny,neg
thorough,pos
thoughtful,pos
thoughtfulness,pos
thoughtless,neg
thrash,neg
threat,neg
threaten,neg
thrift,pos
thrifty,pos
thrill,pos
thrive,pos
throw,neg
thud,neg
thwart,neg
timidity,neg
tingle,pos
tire,neg
tired,neg
tiresome,neg
togetherness,pos
toil,neg
tolerable,neg
tolerance,pos
tolerant,pos
tolerate,pos
toleration,pos
too,neg
topmost,pos
topple,neg
torment,neg
torrent,neg
torturous,neg
touchy,neg
tradition,pos
traditional,pos
tragedy,neg
tragic,neg
train,pos
traitor,neg
tramp,neg
trample,neg
tranquil,pos
tranquility,pos
transgress,neg
trap,neg
trauma,neg
traumatic,neg
travel,pos
treacherous,neg
treachery,neg
treason,neg
treasonous,neg
treasure,pos
treat,pos
treatise,pos
treaty,pos
tremendous,pos
trespass,neg
tribute,pos
trick,neg
triumph,pos
triumphal,pos
triumphant,pos
trivial,neg
trophy,pos
trouble,neg
troublesome,neg
truant,neg
trudge,neg
true,pos
trust,pos
trustworthiness,pos
trustworthy,pos
truth,pos
truthful,pos
try,neg
turbulent,neg
turmoil,neg
turn,neg
twitch,neg
tyranny,neg
ugly,neg
ultimatum,neg
unaccustomed,neg
unarm,neg
unattractive,neg
unauthentic,neg
unavoidable,neg
unbearable,neg
unbelievable,neg
unbound,pos
unbroken,pos
uncivil,neg
unclean,neg
unclear,neg
uncomfortable,neg
uncommon,pos
uncouth,neg
undependability,neg
undependable,neg
undermine,neg
understand,pos
understandable,pos
understood,pos
underworld,neg
undesirable,neg
undid,neg
undignified,neg
undo,neg
undone,neg
undoubted,pos
undoubtedly,pos
undue,neg
uneasiness,neg
uneasy,neg
uneconomical,neg
unemployed,neg
unequal,neg
uneven,neg
unexpectedly,neg
unfair,neg
unfaithful,neg
unfamiliar,neg
unfavorable,neg
unfeeling,neg
unfit,neg
unforeseen,neg
unforgettable,pos
unfortunate,neg
unfriendly,neg
ungrateful,neg
unguarded,neg
unhappiness,neg
unhappy,neg
unhealthy,neg
unhurried,pos
unimpeachable,pos
unimportant,neg
uninformed,neg
unique,pos
unity,pos
unjust,neg
unjustified,neg
unkind,neg
unlawful,neg
unlimited,pos
unlucky,neg
unmoved,neg
unnatural,neg
unnecessary,neg
unnerve,neg
unnoticed,neg
unobserved,neg
unpleasant,neg
unpopular,neg
unprofitable,neg
unqualified,neg
unreasonable,neg
unreliability,neg
unreliable,neg
unrest,neg
unruly,neg
unsafe,neg
unsatisfactory,neg
unscrupulous,neg
unseen,neg
unselfish,pos
unsettling,neg
unsound,neg
unspeakable,neg
unstable,neg
unsteadiness,neg
unsteady,neg
unsuccessful,neg
untimely,neg
untouched,pos
untrained,neg
untrue,neg
untrustworthy,neg
untruth,neg
unwilling,neg
unwillingness,neg
unwise,neg
unworthy,neg
upbeat,pos
upfront,pos
upgrade,pos
upheaval,neg
upheld,pos
uphold,pos
uplift,pos
uppermost,pos
upright,pos
uprising,neg
uproar,neg
uproot,neg
upset,neg
upside,pos
upward,pos
usable,pos
useful,pos
usefulness,pos
useless,neg
usurp,neg
utilitarian,pos
utilization,pos
utilize,pos
utterance,neg
uttermost,pos
vagabond,neg
vagrant,neg
vague,neg
vagueness,neg
vain,neg
valiant,pos
valid,pos
validity,pos
valor,pos
valuable,pos
value,pos
vanish,neg
vanity,neg
vanquish,pos
vastness,pos
vehement,neg
venerable,pos
venerate,pos
vengeance,neg
venom,neg
venomous,neg
verification,pos
verify,pos
veritable,pos
versatile,pos
versatility,pos
veto,neg
vex,neg
vexation,neg
vexing,neg
viability,pos
viable,pos
vice,neg
vicious,neg
victorious,pos
vie,neg
vigilance,pos
vigilant,pos
vile,neg
villain,neg
violate,neg
violation,neg
violence,neg
violent,neg
viper,neg
virtue,pos
virtuous,pos
visionary,pos
visualization,pos
vitality,pos
vivacious,pos
vivid,pos
void,neg
volatile,neg
volatility,neg
voluntary,pos
vomit,neg
vouchsafe,pos
vulgar,neg
wail,neg
wait,neg
wallow,neg
wane,neg
wanton,neg
war,neg
warfare,neg
warlike,neg
warm,pos
warmhearted,pos
warmth,pos
warp,neg
wary,neg
waste,neg
wasteful,neg
wastefulness,neg
wayward,neg
weaken,neg
wear,neg
weariness,neg
wearisome,neg
wee,neg
weed,neg
weep,neg
weird,neg
welcome,pos
welfare,pos
well,pos
wench,neg
whack,neg
whimper,neg
whimsical,pos
whine,neg
whip,neg
wholesome,pos
wicked,neg
wickedness,neg
wild,neg
willful,pos
willing,pos
willingness,pos
wilt,neg
wily,neg
wince,neg
wisdom,pos
wise,pos
witchcraft,neg
withheld,neg
withhold,neg
witty,pos
woe,neg
woeful,neg
wonder,pos
wonderful,pos
wondrous,pos
woo,pos
workable,pos
workmanship,pos
worn,neg
worrier,neg
worry,neg
worse,neg
worsen,neg
worst,neg
worth,pos
worthiness,pos
worthless,neg
worthy,pos
wound,neg
wrath,neg
wreck,neg
wrestle,neg
wretch,neg
wretchedness,neg
wrinkle,neg
writhe,neg
wrong,neg
wrongful,neg
wrought,neg
yawn,neg
yearn,neg
yelp,neg
zenith,pos
zest,pos